INSERT INTO Deporte(nombre) VALUES ('BALONCESTO') --(1)
INSERT INTO Deporte(nombre) VALUES ('FUTBOL') --(2)
INSERT INTO Deporte(nombre) VALUES ('BASEBALL') --(3)

INSERT INTO Equipo(nombre,idDeporte,fechaFundacion) VALUES ('Lakers',1,20191206) --(5)
INSERT INTO Equipo(nombre,idDeporte,fechaFundacion) VALUES ('Celtics',1,20191206) --(6)
INSERT INTO Equipo(nombre,idDeporte,fechaFundacion) VALUES ('Bull',1,20191206) --(7)
INSERT INTO Equipo(nombre,idDeporte,fechaFundacion) VALUES ('Trail Blazers',1,20191206) --(8)

INSERT INTO ScriptProyecto.dbo.EstadisticaBaloncesto(idEquipo) VALUES (1) --(21)
INSERT INTO ScriptProyecto.dbo.EstadisticaBaloncesto(idEquipo) VALUES (1) --(22)
INSERT INTO ScriptProyecto.dbo.EstadisticaBaloncesto(idEquipo) VALUES (1) --(23)
INSERT INTO ScriptProyecto.dbo.EstadisticaBaloncesto(idEquipo) VALUES (1) --(24)
INSERT INTO ScriptProyecto.dbo.EstadisticaBaloncesto(idEquipo) VALUES (1) --(25)
INSERT INTO ScriptProyecto.dbo.EstadisticaBaloncesto(idEquipo) VALUES (1) --(26)
INSERT INTO ScriptProyecto.dbo.EstadisticaBaloncesto(idEquipo) VALUES (2) --(27)
INSERT INTO ScriptProyecto.dbo.EstadisticaBaloncesto(idEquipo) VALUES (2) --(28)
INSERT INTO ScriptProyecto.dbo.EstadisticaBaloncesto(idEquipo) VALUES (2) --(29)
INSERT INTO ScriptProyecto.dbo.EstadisticaBaloncesto(idEquipo) VALUES (2) --(30)
INSERT INTO ScriptProyecto.dbo.EstadisticaBaloncesto(idEquipo) VALUES (2) --(31)
INSERT INTO ScriptProyecto.dbo.EstadisticaBaloncesto(idEquipo) VALUES (2) --(32)
INSERT INTO ScriptProyecto.dbo.EstadisticaBaloncesto(idEquipo) VALUES (3) --(33)
INSERT INTO ScriptProyecto.dbo.EstadisticaBaloncesto(idEquipo) VALUES (3) --(34)
INSERT INTO ScriptProyecto.dbo.EstadisticaBaloncesto(idEquipo) VALUES (3) --(35)
INSERT INTO ScriptProyecto.dbo.EstadisticaBaloncesto(idEquipo) VALUES (3) --(36)
INSERT INTO ScriptProyecto.dbo.EstadisticaBaloncesto(idEquipo) VALUES (4) --(37)
INSERT INTO ScriptProyecto.dbo.EstadisticaBaloncesto(idEquipo) VALUES (4) --(38)
INSERT INTO ScriptProyecto.dbo.EstadisticaBaloncesto(idEquipo) VALUES (4) --(39)
INSERT INTO ScriptProyecto.dbo.EstadisticaBaloncesto(idEquipo) VALUES (4) --(40)

-- INSERTS DE PRIMER EQUIPO
INSERT INTO Parcial(numero,anotaciones,idEstadisticasBaloncesto) VALUES	(1,30,21) --(1)
INSERT INTO Parcial(numero,anotaciones,idEstadisticasBaloncesto) VALUES	(2,30,21)
INSERT INTO Parcial(numero,anotaciones,idEstadisticasBaloncesto) VALUES	(3,30,21)
INSERT INTO Parcial(numero,anotaciones,idEstadisticasBaloncesto) VALUES	(4,30,21)
INSERT INTO Parcial(numero,anotaciones,idEstadisticasBaloncesto) VALUES	(1,25,22)
INSERT INTO Parcial(numero,anotaciones,idEstadisticasBaloncesto) VALUES	(2,25,22)
INSERT INTO Parcial(numero,anotaciones,idEstadisticasBaloncesto) VALUES	(3,25,22)
INSERT INTO Parcial(numero,anotaciones,idEstadisticasBaloncesto) VALUES	(4,25,22)
INSERT INTO Parcial(numero,anotaciones,idEstadisticasBaloncesto) VALUES	(1,28,23)
INSERT INTO Parcial(numero,anotaciones,idEstadisticasBaloncesto) VALUES	(2,28,23)
INSERT INTO Parcial(numero,anotaciones,idEstadisticasBaloncesto) VALUES	(3,28,23)
INSERT INTO Parcial(numero,anotaciones,idEstadisticasBaloncesto) VALUES	(4,28,23)
INSERT INTO Parcial(numero,anotaciones,idEstadisticasBaloncesto) VALUES	(1,31,24)
INSERT INTO Parcial(numero,anotaciones,idEstadisticasBaloncesto) VALUES	(2,31,24)
INSERT INTO Parcial(numero,anotaciones,idEstadisticasBaloncesto) VALUES	(3,31,24)
INSERT INTO Parcial(numero,anotaciones,idEstadisticasBaloncesto) VALUES	(4,31,24)
INSERT INTO Parcial(numero,anotaciones,idEstadisticasBaloncesto) VALUES	(1,31,25)
INSERT INTO Parcial(numero,anotaciones,idEstadisticasBaloncesto) VALUES	(2,31,25)
INSERT INTO Parcial(numero,anotaciones,idEstadisticasBaloncesto) VALUES	(3,31,25)
INSERT INTO Parcial(numero,anotaciones,idEstadisticasBaloncesto) VALUES	(4,31,25)
INSERT INTO Parcial(numero,anotaciones,idEstadisticasBaloncesto) VALUES	(1,31,26)
INSERT INTO Parcial(numero,anotaciones,idEstadisticasBaloncesto) VALUES	(2,31,26)
INSERT INTO Parcial(numero,anotaciones,idEstadisticasBaloncesto) VALUES	(3,31,26)
INSERT INTO Parcial(numero,anotaciones,idEstadisticasBaloncesto) VALUES	(4,31,26)
--INSERTS DEL SEGUNDO EQUIPO
INSERT INTO Parcial(numero,anotaciones,idEstadisticasBaloncesto) VALUES	(1,30,27)
INSERT INTO Parcial(numero,anotaciones,idEstadisticasBaloncesto) VALUES	(2,30,27)
INSERT INTO Parcial(numero,anotaciones,idEstadisticasBaloncesto) VALUES	(3,30,27)
INSERT INTO Parcial(numero,anotaciones,idEstadisticasBaloncesto) VALUES	(4,30,27)
INSERT INTO Parcial(numero,anotaciones,idEstadisticasBaloncesto) VALUES	(1,25,28)
INSERT INTO Parcial(numero,anotaciones,idEstadisticasBaloncesto) VALUES	(2,25,28)
INSERT INTO Parcial(numero,anotaciones,idEstadisticasBaloncesto) VALUES	(3,25,28)
INSERT INTO Parcial(numero,anotaciones,idEstadisticasBaloncesto) VALUES	(4,25,28)
INSERT INTO Parcial(numero,anotaciones,idEstadisticasBaloncesto) VALUES	(1,28,29)
INSERT INTO Parcial(numero,anotaciones,idEstadisticasBaloncesto) VALUES	(2,28,29)
INSERT INTO Parcial(numero,anotaciones,idEstadisticasBaloncesto) VALUES	(3,28,29)
INSERT INTO Parcial(numero,anotaciones,idEstadisticasBaloncesto) VALUES	(4,28,29)
INSERT INTO Parcial(numero,anotaciones,idEstadisticasBaloncesto) VALUES	(1,31,30)
INSERT INTO Parcial(numero,anotaciones,idEstadisticasBaloncesto) VALUES	(2,31,30)
INSERT INTO Parcial(numero,anotaciones,idEstadisticasBaloncesto) VALUES	(3,31,30)
INSERT INTO Parcial(numero,anotaciones,idEstadisticasBaloncesto) VALUES	(4,31,30)
INSERT INTO Parcial(numero,anotaciones,idEstadisticasBaloncesto) VALUES	(1,31,31)
INSERT INTO Parcial(numero,anotaciones,idEstadisticasBaloncesto) VALUES	(2,31,31)
INSERT INTO Parcial(numero,anotaciones,idEstadisticasBaloncesto) VALUES	(3,31,31)
INSERT INTO Parcial(numero,anotaciones,idEstadisticasBaloncesto) VALUES	(4,31,31)
INSERT INTO Parcial(numero,anotaciones,idEstadisticasBaloncesto) VALUES	(1,31,32)
INSERT INTO Parcial(numero,anotaciones,idEstadisticasBaloncesto) VALUES	(2,31,32)
INSERT INTO Parcial(numero,anotaciones,idEstadisticasBaloncesto) VALUES	(3,31,32)
INSERT INTO Parcial(numero,anotaciones,idEstadisticasBaloncesto) VALUES	(4,31,32)
--INSERTS TERCER EQUIPO 
INSERT INTO Parcial(numero,anotaciones,idEstadisticasBaloncesto) VALUES	(1,30,33)
INSERT INTO Parcial(numero,anotaciones,idEstadisticasBaloncesto) VALUES	(2,30,33)
INSERT INTO Parcial(numero,anotaciones,idEstadisticasBaloncesto) VALUES	(3,12,33)
INSERT INTO Parcial(numero,anotaciones,idEstadisticasBaloncesto) VALUES	(4,30,33)
INSERT INTO Parcial(numero,anotaciones,idEstadisticasBaloncesto) VALUES	(1,25,34)
INSERT INTO Parcial(numero,anotaciones,idEstadisticasBaloncesto) VALUES	(2,11,34)
INSERT INTO Parcial(numero,anotaciones,idEstadisticasBaloncesto) VALUES	(3,17,34)
INSERT INTO Parcial(numero,anotaciones,idEstadisticasBaloncesto) VALUES	(4,17,34)
INSERT INTO Parcial(numero,anotaciones,idEstadisticasBaloncesto) VALUES	(1,28,35)
INSERT INTO Parcial(numero,anotaciones,idEstadisticasBaloncesto) VALUES	(2,28,35)
INSERT INTO Parcial(numero,anotaciones,idEstadisticasBaloncesto) VALUES	(3,17,35)
INSERT INTO Parcial(numero,anotaciones,idEstadisticasBaloncesto) VALUES	(4,28,35)
INSERT INTO Parcial(numero,anotaciones,idEstadisticasBaloncesto) VALUES	(1,31,36)
INSERT INTO Parcial(numero,anotaciones,idEstadisticasBaloncesto) VALUES	(2,31,36)
INSERT INTO Parcial(numero,anotaciones,idEstadisticasBaloncesto) VALUES	(3,17,36)
INSERT INTO Parcial(numero,anotaciones,idEstadisticasBaloncesto) VALUES	(4,17,36)
--INSERTS CUARTA EQUIPO
INSERT INTO Parcial(numero,anotaciones,idEstadisticasBaloncesto) VALUES	(1,21,37)
INSERT INTO Parcial(numero,anotaciones,idEstadisticasBaloncesto) VALUES	(2,10,37)
INSERT INTO Parcial(numero,anotaciones,idEstadisticasBaloncesto) VALUES	(3,20,37)
INSERT INTO Parcial(numero,anotaciones,idEstadisticasBaloncesto) VALUES	(4,10,37)
INSERT INTO Parcial(numero,anotaciones,idEstadisticasBaloncesto) VALUES	(1,21,38)
INSERT INTO Parcial(numero,anotaciones,idEstadisticasBaloncesto) VALUES	(2,10,38)
INSERT INTO Parcial(numero,anotaciones,idEstadisticasBaloncesto) VALUES	(3,20,38)
INSERT INTO Parcial(numero,anotaciones,idEstadisticasBaloncesto) VALUES	(4,10,38)
INSERT INTO Parcial(numero,anotaciones,idEstadisticasBaloncesto) VALUES	(1,21,39)
INSERT INTO Parcial(numero,anotaciones,idEstadisticasBaloncesto) VALUES	(2,30,39)
INSERT INTO Parcial(numero,anotaciones,idEstadisticasBaloncesto) VALUES	(3,24,39)
INSERT INTO Parcial(numero,anotaciones,idEstadisticasBaloncesto) VALUES	(4,32,39)
INSERT INTO Parcial(numero,anotaciones,idEstadisticasBaloncesto) VALUES	(1,12,40)
INSERT INTO Parcial(numero,anotaciones,idEstadisticasBaloncesto) VALUES	(2,33,40)
INSERT INTO Parcial(numero,anotaciones,idEstadisticasBaloncesto) VALUES	(3,30,40)
INSERT INTO Parcial(numero,anotaciones,idEstadisticasBaloncesto) VALUES	(4,12,40)





INSERT INTO ScriptProyecto.dbo.Estado(nombre) VALUES ('Finalizado')(1)
INSERT INTO	ScriptProyecto.dbo.Estadio(nombre,pais) VALUES ('Stapler Center','Honduras')
-- ================================INSERTS PARTIDOS===========================================
INSERT INTO Partido(idEstadisticasBaloncesto,idDeporte,idEstado,idEstadio) VALUES (21,1,1,2) --(20)
INSERT INTO Partido(idEstadisticasBaloncesto,idDeporte,idEstado,idEstadio) VALUES (22,1,1,2) --(21)
INSERT INTO Partido(idEstadisticasBaloncesto,idDeporte,idEstado,idEstadio) VALUES (23,1,1,2) --(22)
INSERT INTO Partido(idEstadisticasBaloncesto,idDeporte,idEstado,idEstadio) VALUES (24,1,1,2) --(23)
INSERT INTO Partido(idEstadisticasBaloncesto,idDeporte,idEstado,idEstadio) VALUES (25,1,1,2) --(24)
INSERT INTO Partido(idEstadisticasBaloncesto,idDeporte,idEstado,idEstadio) VALUES (26,1,1,2) --(25)
-- ======================================================================================
INSERT INTO Partido(idEstadisticasBaloncesto,idDeporte,idEstado,idEstadio) VALUES (27,1,1,2) --(26)
INSERT INTO Partido(idEstadisticasBaloncesto,idDeporte,idEstado,idEstadio) VALUES (28,1,1,2) --(27)
INSERT INTO Partido(idEstadisticasBaloncesto,idDeporte,idEstado,idEstadio) VALUES (29,1,1,2) --(28)
INSERT INTO Partido(idEstadisticasBaloncesto,idDeporte,idEstado,idEstadio) VALUES (30,1,1,2) --(29)
INSERT INTO Partido(idEstadisticasBaloncesto,idDeporte,idEstado,idEstadio) VALUES (31,1,1,2) --(30)
INSERT INTO Partido(idEstadisticasBaloncesto,idDeporte,idEstado,idEstadio) VALUES (32,1,1,2) --(31)
-- ======================================================================================
INSERT INTO Partido(idEstadisticasBaloncesto,idDeporte,idEstado,idEstadio) VALUES (33,1,1,2) --(32)
INSERT INTO Partido(idEstadisticasBaloncesto,idDeporte,idEstado,idEstadio) VALUES (34,1,1,2) --(33)
INSERT INTO Partido(idEstadisticasBaloncesto,idDeporte,idEstado,idEstadio) VALUES (35,1,1,2) --(34)
INSERT INTO Partido(idEstadisticasBaloncesto,idDeporte,idEstado,idEstadio) VALUES (36,1,1,2) --(35)
-- ======================================================================================
INSERT INTO Partido(idEstadisticasBaloncesto,idDeporte,idEstado,idEstadio) VALUES (37,1,1,2) --(36)
INSERT INTO Partido(idEstadisticasBaloncesto,idDeporte,idEstado,idEstadio) VALUES (38,1,1,2) --(37)
INSERT INTO Partido(idEstadisticasBaloncesto,idDeporte,idEstado,idEstadio) VALUES (39,1,1,2) --(38)
INSERT INTO Partido(idEstadisticasBaloncesto,idDeporte,idEstado,idEstadio) VALUES (40,1,1,2) --(39)
-- =========================================================
INSERT INTO Fase(nombre) VALUES	('Temporada Regular')
UPDATE partido SET idFase = 1
-- =========================================================
INSERT INTO Liga(pais) VALUES ('EEUU')
INSERT INTO Temporada(idLiga,fechaInicio) VALUES (1,20191208)
INSERT INTO Fase(nombre) VALUES ('Temporada Regular')
INSERT INTO FaseLiga(idFase,idTemporada,fechaInicio) VALUES (1,3,20191208)


			
















































